invalid,name,category_l,category_view,category_s,category,lunch,walking,distance,url
,イタリアンバー BOCCIANO,イタリアン・フレンチ,イタリアン,イタリアン(イタリア料理),恵比寿夜景イタリアン,1200,0,0,https://r.gnavi.co.jp/r2f99xh90000/?ak=Hqa3%2BKJyyH%2FuQ%2Bo942qAMy4q%2BooRFR90%2BNTK0DWsC%2FQ%3D
,Rotisserie Blue,イタリアン・フレンチ,イタリアン,イタリアン(イタリア料理),ビストロフレンチ,900,0,0,https://r.gnavi.co.jp/pnabjgen0000/?ak=Hqa3%2BKJyyH%2FuQ%2Bo942qAMy4q%2BooRFR90%2BNTK0DWsC%2FQ%3D
,鮨たか,すし・魚料理・シーフード,寿司,寿司,寿司,2000,0,0,https://r.gnavi.co.jp/g8emhngu0000/?ak=Hqa3%2BKJyyH%2FuQ%2Bo942qAMy4q%2BooRFR90%2BNTK0DWsC%2FQ%3D
,蕎麦と魚 銀平 恵比寿ガーデンプレイス店,すし・魚料理・シーフード,シーフード料理,シーフード料理,名物鯛めしと新鮮魚介,1620,0,28.64587421,https://r.gnavi.co.jp/598ynv340000/?ak=Hqa3%2BKJyyH%2FuQ%2Bo942qAMy4q%2BooRFR90%2BNTK0DWsC%2FQ%3D
,醤油ワンタン麺 かげおか,ラーメン・麺料理,ラーメン,ラーメン,ラーメン屋,1000,0,35.16797819,https://r.gnavi.co.jp/cnbrnbut0000/?ak=Hqa3%2BKJyyH%2FuQ%2Bo942qAMy4q%2BooRFR90%2BNTK0DWsC%2FQ%3D
,Salt Water,イタリアン・フレンチ,イタリアン,イタリアン(イタリア料理),カリフォニアイタリアン,1800,0,37.30357425,https://r.gnavi.co.jp/65g1dews0000/?ak=Hqa3%2BKJyyH%2FuQ%2Bo942qAMy4q%2BooRFR90%2BNTK0DWsC%2FQ%3D
,味の牛たん喜助 ,焼き鳥・肉料理・串料理,牛タン,牛タン,牛たん専門店,1320,0,54.84817166,https://r.gnavi.co.jp/s3uzb1du0000/?ak=Hqa3%2BKJyyH%2FuQ%2Bo942qAMy4q%2BooRFR90%2BNTK0DWsC%2FQ%3D
,恵比寿 しげぞう,焼き鳥・肉料理・串料理,炭火焼き・炉端焼き,炭火焼き・炉端焼き,屋台村風居酒屋,-1,2,70.10350781,https://r.gnavi.co.jp/jwwduztn0000/?ak=Hqa3%2BKJyyH%2FuQ%2Bo942qAMy4q%2BooRFR90%2BNTK0DWsC%2FQ%3D
,BURGER KING 恵比寿ガーデンプレイス店,ファミレス・ファーストフード,ファーストフード,ファーストフード,ファーストフード,-1,1,83.77316081,https://r.gnavi.co.jp/e9zf27sx0000/?ak=Hqa3%2BKJyyH%2FuQ%2Bo942qAMy4q%2BooRFR90%2BNTK0DWsC%2FQ%3D
,俺のBakery＆Cafe,カフェ・スイーツ,パン屋・サンドイッチ,パン屋・サンドイッチ,俺のシリーズのカフェ,1500,3,102.6072198,https://r.gnavi.co.jp/np69frfp0000/?ak=Hqa3%2BKJyyH%2FuQ%2Bo942qAMy4q%2BooRFR90%2BNTK0DWsC%2FQ%3D
,ジョエル・ロブション,イタリアン・フレンチ,フレンチ,フレンチ(フランス料理),フランス料理,20000,2,108.0736791,https://r.gnavi.co.jp/7ss19ej90000/?ak=Hqa3%2BKJyyH%2FuQ%2Bo942qAMy4q%2BooRFR90%2BNTK0DWsC%2FQ%3D
,ヒロミチ,イタリアン・フレンチ,フレンチ,フレンチ(フランス料理),フランス料理レストラン,5500,5,151.5933048,https://r.gnavi.co.jp/gan8100/?ak=Hqa3%2BKJyyH%2FuQ%2Bo942qAMy4q%2BooRFR90%2BNTK0DWsC%2FQ%3D
,cam 旬菜ワイン 酒場 恵比寿,ダイニングバー・バー・ビアホール,バル,スペインバル・イタリアンバール,バル,-1,4,174.4608465,https://r.gnavi.co.jp/eyz6u5xf0000/?ak=Hqa3%2BKJyyH%2FuQ%2Bo942qAMy4q%2BooRFR90%2BNTK0DWsC%2FQ%3D
,牡蠣バル 恵比寿,お酒,ビール,ビール,屋上ビアガーデン,900,4,193.4310017,https://r.gnavi.co.jp/rdvs3wrp0000/?ak=Hqa3%2BKJyyH%2FuQ%2Bo942qAMy4q%2BooRFR90%2BNTK0DWsC%2FQ%3D
,Biluce,イタリアン・フレンチ,イタリアン,イタリアン(イタリア料理),イタリアン,-1,5,241.7911443,https://r.gnavi.co.jp/1f1snxt10000/?ak=Hqa3%2BKJyyH%2FuQ%2Bo942qAMy4q%2BooRFR90%2BNTK0DWsC%2FQ%3D
,L’ESPACE,イタリアン・フレンチ,ビストロ,ビストロ,カジュアルフレンチ,1500,5,268.5854091,https://r.gnavi.co.jp/g789301/?ak=Hqa3%2BKJyyH%2FuQ%2Bo942qAMy4q%2BooRFR90%2BNTK0DWsC%2FQ%3D
,トスカネリア,イタリアン・フレンチ,イタリアン,イタリアン(イタリア料理),トスカーナ料理とワイン,5000,7,356.4444718,https://r.gnavi.co.jp/94p0kbcg0000/?ak=Hqa3%2BKJyyH%2FuQ%2Bo942qAMy4q%2BooRFR90%2BNTK0DWsC%2FQ%3D
,spa＆cafe CRECELA,お酒,お酒 その他,お酒 その他,Spa＆Cafe,1200,7,362.7409255,http://r.gnavi.co.jp/pr3s9rnc0000/?ak=Hqa3%2BKJyyH%2FuQ%2Bo942qAMy4q%2BooRFR90%2BNTK0DWsC%2FQ%3D
,Beef Garden 恵比寿 ,焼肉・ホルモン,焼肉,焼肉,恵比寿焼肉宴会ランチ,950,7,365.8579801,https://r.gnavi.co.jp/p8rxazkp0000/?ak=Hqa3%2BKJyyH%2FuQ%2Bo942qAMy4q%2BooRFR90%2BNTK0DWsC%2FQ%3D
,東京 ロビン,ダイニングバー・バー・ビアホール,バル,スペインバル・イタリアンバール,洋食バル風レトロ酒場,1000,7,366.0866831,https://r.gnavi.co.jp/ch48hc5m0000/?ak=Hqa3%2BKJyyH%2FuQ%2Bo942qAMy4q%2BooRFR90%2BNTK0DWsC%2FQ%3D
,KINOE,イタリアン・フレンチ,イタリアン,イタリアン(イタリア料理),イタリア料理,5000,7,370.3803857,https://r.gnavi.co.jp/7zapb2gm0000/?ak=Hqa3%2BKJyyH%2FuQ%2Bo942qAMy4q%2BooRFR90%2BNTK0DWsC%2FQ%3D
,Bistro Franky Hotel,イタリアン・フレンチ,ビストロ,ビストロ,ビストロ,-1,7,382.1748974,https://r.gnavi.co.jp/8a67485r0000/?ak=Hqa3%2BKJyyH%2FuQ%2Bo942qAMy4q%2BooRFR90%2BNTK0DWsC%2FQ%3D
,Sandy TERRACE,お酒,ビール,ビール,ビアテラス×BBQ,2000,7,383.6411406,https://r.gnavi.co.jp/j15egefm0000/?ak=Hqa3%2BKJyyH%2FuQ%2Bo942qAMy4q%2BooRFR90%2BNTK0DWsC%2FQ%3D
,Delizioso Italia,イタリアン・フレンチ,イタリアン,イタリアン(イタリア料理),熾火焼きイタリア料理,3000,7,385.8720387,https://r.gnavi.co.jp/g765601/?ak=Hqa3%2BKJyyH%2FuQ%2Bo942qAMy4q%2BooRFR90%2BNTK0DWsC%2FQ%3D
,Soba＆Sake 八福寿家,ラーメン・麺料理,そば,そば,蕎麦・日本酒バル,1200,7,391.761579,https://r.gnavi.co.jp/cw4thb7e0000/?ak=Hqa3%2BKJyyH%2FuQ%2Bo942qAMy4q%2BooRFR90%2BNTK0DWsC%2FQ%3D
,麺酒場 框,居酒屋,居酒屋,居酒屋,季節の料理と隠れ家空間,800,6,393.329224,https://r.gnavi.co.jp/n7c3khee0000/?ak=Hqa3%2BKJyyH%2FuQ%2Bo942qAMy4q%2BooRFR90%2BNTK0DWsC%2FQ%3D
,ＶＡＣＡＮＺＡ,イタリアン・フレンチ,イタリアン,イタリアン(イタリア料理),ピッツェリア×魚介料理,1000,8,397.0470134,https://r.gnavi.co.jp/g765600/?ak=Hqa3%2BKJyyH%2FuQ%2Bo942qAMy4q%2BooRFR90%2BNTK0DWsC%2FQ%3D
,黒毛和牛×隠れ家バル 89BAL,ダイニングバー・バー・ビアホール,バル,スペインバル・イタリアンバール,肉プロの肉師がいるお店,-1,8,396.1402454,https://r.gnavi.co.jp/fu2cc3ux0000/?ak=Hqa3%2BKJyyH%2FuQ%2Bo942qAMy4q%2BooRFR90%2BNTK0DWsC%2FQ%3D
,恵比寿 居酒屋 こがねうどん酒場,居酒屋,居酒屋,居酒屋,讃岐うどん 居酒屋,1000,,396.9020451,https://r.gnavi.co.jp/2sr5v8u00000/?ak=Hqa3%2BKJyyH%2FuQ%2Bo942qAMy4q%2BooRFR90%2BNTK0DWsC%2FQ%3D
,QUEEN OF CHICKENS 恵比寿店,イタリアン・フレンチ,イタリアン,イタリアン(イタリア料理),恵比寿バル居酒屋,900,8,397.9200041,https://r.gnavi.co.jp/jkryyxmk0000/?ak=Hqa3%2BKJyyH%2FuQ%2Bo942qAMy4q%2BooRFR90%2BNTK0DWsC%2FQ%3D
,nemo ダイニングカフェ,居酒屋,居酒屋,居酒屋,9名～の少人数宴会OK,1200,,411.1366887,https://r.gnavi.co.jp/mr64bbfw0000/?ak=Hqa3%2BKJyyH%2FuQ%2Bo942qAMy4q%2BooRFR90%2BNTK0DWsC%2FQ%3D
,Reggiano,イタリアン・フレンチ,イタリアン,イタリアン(イタリア料理),イタリアンダイニング,1100,8,421.5125893,https://r.gnavi.co.jp/bj9891z10000/?ak=Hqa3%2BKJyyH%2FuQ%2Bo942qAMy4q%2BooRFR90%2BNTK0DWsC%2FQ%3D
,EspressoDworks 恵比寿店,カフェ・スイーツ,カフェ,カフェ,カフェ・パンケーキ,1000,8,421.5125893,https://r.gnavi.co.jp/1hs268aa0000/?ak=Hqa3%2BKJyyH%2FuQ%2Bo942qAMy4q%2BooRFR90%2BNTK0DWsC%2FQ%3D
,個室和風ダイニング 善菜 恵比寿本店,居酒屋,居酒屋,居酒屋,個室 和風ダイニング,1000,8,422.3020083,https://r.gnavi.co.jp/e261600/?ak=Hqa3%2BKJyyH%2FuQ%2Bo942qAMy4q%2BooRFR90%2BNTK0DWsC%2FQ%3D
,LA LUNA～Cafe＆Diner～,居酒屋,居酒屋,居酒屋,アメリカンダイナー,1000,10,425.0466712,https://r.gnavi.co.jp/ff8728s10000/?ak=Hqa3%2BKJyyH%2FuQ%2Bo942qAMy4q%2BooRFR90%2BNTK0DWsC%2FQ%3D
,eatable EBIS,イタリアン・フレンチ,イタリアン,イタリアン(イタリア料理),恵比寿イタリアン,1000,8,428.0701023,https://r.gnavi.co.jp/gc40500/?ak=Hqa3%2BKJyyH%2FuQ%2Bo942qAMy4q%2BooRFR90%2BNTK0DWsC%2FQ%3D
,喜福世,焼肉・ホルモン,焼肉,焼肉,恵比寿焼肉レストラン,900,8,434.622659,https://r.gnavi.co.jp/g753700/?ak=Hqa3%2BKJyyH%2FuQ%2Bo942qAMy4q%2BooRFR90%2BNTK0DWsC%2FQ%3D
,RISTORANTE MASSA,イタリアン・フレンチ,イタリアン,イタリアン(イタリア料理),イタリア料理,3000,9,438.7179279,https://r.gnavi.co.jp/gtxct3yb0000/?ak=Hqa3%2BKJyyH%2FuQ%2Bo942qAMy4q%2BooRFR90%2BNTK0DWsC%2FQ%3D
,Tsunami． Ebisu Tokyo,欧米・各国料理,ハワイアン,ハワイアン料理,ハワイアンガーデン×肉,1200,7,445.0355162,https://r.gnavi.co.jp/7b0r6kd70000/?ak=Hqa3%2BKJyyH%2FuQ%2Bo942qAMy4q%2BooRFR90%2BNTK0DWsC%2FQ%3D
,和心庭 一蔵 恵比寿,居酒屋,居酒屋,居酒屋,個室和食ＤＩＮＩＮＧ,950,7,454.741142,https://r.gnavi.co.jp/g382507/?ak=Hqa3%2BKJyyH%2FuQ%2Bo942qAMy4q%2BooRFR90%2BNTK0DWsC%2FQ%3D
,小籠包専門店 京鼎樓 恵比寿本店,中華,中華料理,中華料理,小籠包カフェ,1200,7,449.6943437,https://r.gnavi.co.jp/ga3b703/?ak=Hqa3%2BKJyyH%2FuQ%2Bo942qAMy4q%2BooRFR90%2BNTK0DWsC%2FQ%3D
,SUMI‐BIO,ダイニングバー・バー・ビアホール,ダイニングバー,ダイニングバー,野菜 Dining,1000,9,453.6518241,https://r.gnavi.co.jp/p633800/?ak=Hqa3%2BKJyyH%2FuQ%2Bo942qAMy4q%2BooRFR90%2BNTK0DWsC%2FQ%3D
,TETOTE APARTMENT,イタリアン・フレンチ,ピザ,ピザ,恵比寿 ピザビストロ,1000,8,456.4873386,https://r.gnavi.co.jp/cbk2h9690000/?ak=Hqa3%2BKJyyH%2FuQ%2Bo942qAMy4q%2BooRFR90%2BNTK0DWsC%2FQ%3D
,アンブロシア 恵比寿,欧米・各国料理,スペイン料理,スペイン料理,スペイン×イタリア料理,880,7,467.2611037,https://r.gnavi.co.jp/g382510/?ak=Hqa3%2BKJyyH%2FuQ%2Bo942qAMy4q%2BooRFR90%2BNTK0DWsC%2FQ%3D
,秋田純米酒処 恵比寿店,イタリアン・フレンチ,フレンチ,フレンチ(フランス料理),恵比寿フレンチ立ち飲み,1500,,467.0178872,https://r.gnavi.co.jp/nebz82fd0000/?ak=Hqa3%2BKJyyH%2FuQ%2Bo942qAMy4q%2BooRFR90%2BNTK0DWsC%2FQ%3D
,串焼 もんじろう 恵比寿店,居酒屋,居酒屋,居酒屋,高コスパ串焼き店！,680,7,467.2823486,https://r.gnavi.co.jp/mg9n8ru40000/?ak=Hqa3%2BKJyyH%2FuQ%2Bo942qAMy4q%2BooRFR90%2BNTK0DWsC%2FQ%3D
,FRAGANTE HUMO ,欧米・各国料理,スペイン料理,スペイン料理,お洒落なスペイン食堂♪,1100,7,468.2021859,https://r.gnavi.co.jp/1ufpy4ws0000/?ak=Hqa3%2BKJyyH%2FuQ%2Bo942qAMy4q%2BooRFR90%2BNTK0DWsC%2FQ%3D
,Trattoria Vivace 恵比寿,イタリアン・フレンチ,イタリアン,イタリアン(イタリア料理),【コスパ抜群 個室】,1000,7,468.3764636,https://r.gnavi.co.jp/f72y686w0000/?ak=Hqa3%2BKJyyH%2FuQ%2Bo942qAMy4q%2BooRFR90%2BNTK0DWsC%2FQ%3D
,トラットリア サンタルチア,イタリアン・フレンチ,イタリアン,イタリアン(イタリア料理),恵比寿イタリアン個室,1100,9,477.5075209,https://r.gnavi.co.jp/92k4k1mw0000/?ak=Hqa3%2BKJyyH%2FuQ%2Bo942qAMy4q%2BooRFR90%2BNTK0DWsC%2FQ%3D
×,てけてけ 恵比寿東口店,居酒屋,居酒屋,居酒屋,焼き鳥 博多水炊き,740,,484.2730739,https://r.gnavi.co.jp/1jypae460000/?ak=Hqa3%2BKJyyH%2FuQ%2Bo942qAMy4q%2BooRFR90%2BNTK0DWsC%2FQ%3D
,LE BISTRO,イタリアン・フレンチ,フレンチ,フレンチ(フランス料理),フレンチ ビストロ,1500,9,497.1028883,https://r.gnavi.co.jp/b696002/?ak=Hqa3%2BKJyyH%2FuQ%2Bo942qAMy4q%2BooRFR90%2BNTK0DWsC%2FQ%3D
,336ebisu（サンサンロクエビス）,イタリアン・フレンチ,フレンチ,フレンチ(フランス料理),カジュアルフレンチ,2000,9,496.1000122,https://r.gnavi.co.jp/pgcekhfx0000/?ak=Hqa3%2BKJyyH%2FuQ%2Bo942qAMy4q%2BooRFR90%2BNTK0DWsC%2FQ%3D
,レッドペッパー 恵比寿店,イタリアン・フレンチ,イタリアン,イタリアン(イタリア料理),イタリアン,1000,7,492.2434388,https://r.gnavi.co.jp/g285002/?ak=Hqa3%2BKJyyH%2FuQ%2Bo942qAMy4q%2BooRFR90%2BNTK0DWsC%2FQ%3D
,QUNIOMI,イタリアン・フレンチ,フレンチ,フレンチ(フランス料理),フレンチ,-1,9,498.2111087,https://r.gnavi.co.jp/2rjs0un20000/?ak=Hqa3%2BKJyyH%2FuQ%2Bo942qAMy4q%2BooRFR90%2BNTK0DWsC%2FQ%3D
,ヴィア ポカポカ,イタリアン・フレンチ,イタリアン,イタリアン(イタリア料理),イタリアン,1000,9,499.5800538,https://r.gnavi.co.jp/gayf200/?ak=Hqa3%2BKJyyH%2FuQ%2Bo942qAMy4q%2BooRFR90%2BNTK0DWsC%2FQ%3D
,慈玄,ラーメン・麺料理,そば,そば,手打ち蕎麦・地酒・鴨鍋,1200,10,510.0603741,https://r.gnavi.co.jp/g399700/?ak=Hqa3%2BKJyyH%2FuQ%2Bo942qAMy4q%2BooRFR90%2BNTK0DWsC%2FQ%3D
,和牛と馬肉 恵比寿～たら福～,洋食,ビュッフェ,バイキング・ビュッフェ,肉寿司食べ放題/和牛,1000,10,503.8261636,https://r.gnavi.co.jp/a7yj3kgm0000/?ak=Hqa3%2BKJyyH%2FuQ%2Bo942qAMy4q%2BooRFR90%2BNTK0DWsC%2FQ%3D
×,韓国旬彩料理 妻家房 アトレ恵比寿店,アジア・エスニック料理,韓国料理,韓国料理,韓国料理,1000,10,507.5118793,http://r.gnavi.co.jp/r36xxwcw0000/?ak=Hqa3%2BKJyyH%2FuQ%2Bo942qAMy4q%2BooRFR90%2BNTK0DWsC%2FQ%3D
,es 一軒家イタリアンレストラン,イタリアン・フレンチ,イタリアン,イタリアン(イタリア料理),イタリアン,-1,,514.079525,https://r.gnavi.co.jp/3rk306dx0000/?ak=Hqa3%2BKJyyH%2FuQ%2Bo942qAMy4q%2BooRFR90%2BNTK0DWsC%2FQ%3D
×,プロント PRONTO 恵比寿東口店,ダイニングバー・バー・ビアホール,バル,スペインバル・イタリアンバール,カフェ ダイニングバー,1000,,516.4466758,https://r.gnavi.co.jp/frx6hmwn0000/?ak=Hqa3%2BKJyyH%2FuQ%2Bo942qAMy4q%2BooRFR90%2BNTK0DWsC%2FQ%3D
,炭火串焼 りあん,居酒屋,居酒屋,居酒屋,焼鳥居酒屋,800,9,521.4587121,https://r.gnavi.co.jp/reaubj2b0000/?ak=Hqa3%2BKJyyH%2FuQ%2Bo942qAMy4q%2BooRFR90%2BNTK0DWsC%2FQ%3D
,産直かきと炉端焼 恵比寿 牡蠣ツ端,居酒屋,居酒屋,居酒屋,ろばた焼き,880,9,521.4587121,https://r.gnavi.co.jp/mc8gyf4t0000/?ak=Hqa3%2BKJyyH%2FuQ%2Bo942qAMy4q%2BooRFR90%2BNTK0DWsC%2FQ%3D
,ル・キャトルズ 恵比寿,イタリアン・フレンチ,イタリアン,イタリアン(イタリア料理),恵比寿フレンチビストロ,3000,9,523.6290398,https://r.gnavi.co.jp/dkyru9370000/?ak=Hqa3%2BKJyyH%2FuQ%2Bo942qAMy4q%2BooRFR90%2BNTK0DWsC%2FQ%3D
,Nha Viet Nam ヴェトナム館 恵比寿本店,アジア・エスニック料理,ベトナム料理,ベトナム料理,恵比寿ベトナム料理宴会,980,9,526.3970776,https://r.gnavi.co.jp/g158610/?ak=Hqa3%2BKJyyH%2FuQ%2Bo942qAMy4q%2BooRFR90%2BNTK0DWsC%2FQ%3D
,恵比寿 箸庵,居酒屋,居酒屋,居酒屋,和食居酒屋・蕎麦,1200,10,526.9525161,https://r.gnavi.co.jp/5nghc0tb0000/?ak=Hqa3%2BKJyyH%2FuQ%2Bo942qAMy4q%2BooRFR90%2BNTK0DWsC%2FQ%3D
,春秋 ユラリ 恵比寿店,日本料理・郷土料理,郷土料理,郷土料理,素材料理・新和食,1500,10,531.7143516,https://r.gnavi.co.jp/g991207/?ak=Hqa3%2BKJyyH%2FuQ%2Bo942qAMy4q%2BooRFR90%2BNTK0DWsC%2FQ%3D
,チーズ×肉バル Tefu Tefu 恵比寿店,居酒屋,居酒屋,居酒屋,恵比寿 居酒屋 合コン,1000,9,532.8657431,https://r.gnavi.co.jp/dbz07yfn0000/?ak=Hqa3%2BKJyyH%2FuQ%2Bo942qAMy4q%2BooRFR90%2BNTK0DWsC%2FQ%3D
,八寸場 こうじや,日本料理・郷土料理,郷土料理,郷土料理,恵比寿和食ダイニング,1000,9,535.8871362,https://r.gnavi.co.jp/1hv8t77a0000/?ak=Hqa3%2BKJyyH%2FuQ%2Bo942qAMy4q%2BooRFR90%2BNTK0DWsC%2FQ%3D
,ラ・エスキーナ,アジア・エスニック料理,メキシコ料理,メキシコ料理,メキシコ料理,1000,8,536.5139477,https://r.gnavi.co.jp/gmk3vp170000/?ak=Hqa3%2BKJyyH%2FuQ%2Bo942qAMy4q%2BooRFR90%2BNTK0DWsC%2FQ%3D
×,つばめグリル アトレ恵比寿店,焼き鳥・肉料理・串料理,ハンバーグ,ハンバーグ,欧風レストラン,1300,,525.9638782,https://r.gnavi.co.jp/g533108/?ak=Hqa3%2BKJyyH%2FuQ%2Bo942qAMy4q%2BooRFR90%2BNTK0DWsC%2FQ%3D
×,タント タント オステリア 恵比寿アトレ店,イタリアン・フレンチ,イタリアン,イタリアン(イタリア料理),恵比寿ワインイタリアン,1200,,548.7218062,https://r.gnavi.co.jp/g188308/?ak=Hqa3%2BKJyyH%2FuQ%2Bo942qAMy4q%2BooRFR90%2BNTK0DWsC%2FQ%3D
×,ワインの酒場 ディプント 恵比寿店,お酒,ワイン,ワイン,気軽なワインの酒場,800,,551.3870652,https://r.gnavi.co.jp/g897471/?ak=Hqa3%2BKJyyH%2FuQ%2Bo942qAMy4q%2BooRFR90%2BNTK0DWsC%2FQ%3D
,恵比寿 鮪家,すし・魚料理・シーフード,寿司,寿司,築地マグロ問屋直営,1000,10,557.9700947,https://r.gnavi.co.jp/k9vnh28c0000/?ak=Hqa3%2BKJyyH%2FuQ%2Bo942qAMy4q%2BooRFR90%2BNTK0DWsC%2FQ%3D
×,中華旬彩料理 東方紅 アトレ恵比寿店,中華,中華料理,中華料理,中華創作料理,1500,,558.3026287,https://r.gnavi.co.jp/gd20701/?ak=Hqa3%2BKJyyH%2FuQ%2Bo942qAMy4q%2BooRFR90%2BNTK0DWsC%2FQ%3D
×,SAN TROPEZ,イタリアン・フレンチ,イタリアン,イタリアン(イタリア料理),ビストロ＆カフェ,1500,,561.2794397,https://r.gnavi.co.jp/fghzdnx30000/?ak=Hqa3%2BKJyyH%2FuQ%2Bo942qAMy4q%2BooRFR90%2BNTK0DWsC%2FQ%3D
,クンビラ,アジア・エスニック料理,ネパール料理,ネパール料理,医食同源のヒマラヤ鍋,1000,10,564.8485755,https://r.gnavi.co.jp/e816200/?ak=Hqa3%2BKJyyH%2FuQ%2Bo942qAMy4q%2BooRFR90%2BNTK0DWsC%2FQ%3D
,恵比寿地酒 個室居酒屋 五右衛門屋,居酒屋,居酒屋,居酒屋,居酒屋,-1,10,567.1073629,https://r.gnavi.co.jp/fhykdwgd0000/?ak=Hqa3%2BKJyyH%2FuQ%2Bo942qAMy4q%2BooRFR90%2BNTK0DWsC%2FQ%3D
,beer bar HB,ダイニングバー・バー・ビアホール,ビアホール,ビアホール,ビアバー スポーツ,-1,10,572.4131122,https://r.gnavi.co.jp/3rsbdxkc0000/?ak=Hqa3%2BKJyyH%2FuQ%2Bo942qAMy4q%2BooRFR90%2BNTK0DWsC%2FQ%3D
,馬ぃ焼肉×ワイン 恵比寿 Whim,ダイニングバー・バー・ビアホール,バル,スペインバル・イタリアンバール,熊本直送生レバ刺し,-1,10,572.7775237,https://r.gnavi.co.jp/sarzzzyg0000/?ak=Hqa3%2BKJyyH%2FuQ%2Bo942qAMy4q%2BooRFR90%2BNTK0DWsC%2FQ%3D
,ソナム,焼肉・ホルモン,焼肉,焼肉,古民家個室空間,800,10,573.3665754,https://r.gnavi.co.jp/a769600/?ak=Hqa3%2BKJyyH%2FuQ%2Bo942qAMy4q%2BooRFR90%2BNTK0DWsC%2FQ%3D
×,Abbesses,イタリアン・フレンチ,フレンチ,フレンチ(フランス料理),フレンチ,-1,,575.3538128,https://r.gnavi.co.jp/ktt03pd90000/?ak=Hqa3%2BKJyyH%2FuQ%2Bo942qAMy4q%2BooRFR90%2BNTK0DWsC%2FQ%3D
,BISTROT SYU,イタリアン・フレンチ,フレンチ,フレンチ(フランス料理),洋食 フレンチ,3500,8,578.4431202,https://r.gnavi.co.jp/4gn2ezne0000/?ak=Hqa3%2BKJyyH%2FuQ%2Bo942qAMy4q%2BooRFR90%2BNTK0DWsC%2FQ%3D
×,恵比寿 Porto Bello【ポルトベッロ】,イタリアン・フレンチ,イタリアン,イタリアン(イタリア料理),一軒家イタリアン,1000,,582.3759608,https://r.gnavi.co.jp/2zvrpgr80000/?ak=Hqa3%2BKJyyH%2FuQ%2Bo942qAMy4q%2BooRFR90%2BNTK0DWsC%2FQ%3D
,ラーチャプルック 恵比寿,アジア・エスニック料理,タイ料理,タイ料理,タイリゾートダイニング,1200,10,582.3565026,https://r.gnavi.co.jp/1duz5jnh0000/?ak=Hqa3%2BKJyyH%2FuQ%2Bo942qAMy4q%2BooRFR90%2BNTK0DWsC%2FQ%3D
,Porco Rosso,イタリアン・フレンチ,ビストロ,ビストロ,ビストロ,-1,,582.6172689,https://r.gnavi.co.jp/kr1v07u00000/?ak=Hqa3%2BKJyyH%2FuQ%2Bo942qAMy4q%2BooRFR90%2BNTK0DWsC%2FQ%3D
,新宿うな鐵 恵比寿店,すし・魚料理・シーフード,うなぎ,うなぎ,鰻専門料理屋,2500,,588.9183431,https://r.gnavi.co.jp/js1tvstr0000/?ak=Hqa3%2BKJyyH%2FuQ%2Bo942qAMy4q%2BooRFR90%2BNTK0DWsC%2FQ%3D
,dot．Grill and Bar,宴会・カラオケ・エンターテイメント,パーティースペース,パーティールーム・スペース,お洒落貸切グリルバー,1000,10,598.214931,https://r.gnavi.co.jp/6c06bazc0000/?ak=Hqa3%2BKJyyH%2FuQ%2Bo942qAMy4q%2BooRFR90%2BNTK0DWsC%2FQ%3D
,Artichaut,イタリアン・フレンチ,フレンチ,フレンチ(フランス料理),フレンチ,-1,10,602.8917678,https://r.gnavi.co.jp/39czcp460000/?ak=Hqa3%2BKJyyH%2FuQ%2Bo942qAMy4q%2BooRFR90%2BNTK0DWsC%2FQ%3D
,肉バル Salt 恵比寿,ダイニングバー・バー・ビアホール,バル,スペインバル・イタリアンバール,肉バル・肉ビストロ,950,10,604.7275908,https://r.gnavi.co.jp/ssz6rvgm0000/?ak=Hqa3%2BKJyyH%2FuQ%2Bo942qAMy4q%2BooRFR90%2BNTK0DWsC%2FQ%3D
,紀風,日本料理・郷土料理,郷土料理,郷土料理,日本料理,8000,10,605.1856745,https://r.gnavi.co.jp/ecpu1vfr0000/?ak=Hqa3%2BKJyyH%2FuQ%2Bo942qAMy4q%2BooRFR90%2BNTK0DWsC%2FQ%3D
,貸切＆パーティー RB ～ローズブルー～ 恵比寿店,イタリアン・フレンチ,イタリアン,イタリアン(イタリア料理),カフェ&ダイニングバー,1000,10,608.6953357,https://r.gnavi.co.jp/p942402/?ak=Hqa3%2BKJyyH%2FuQ%2Bo942qAMy4q%2BooRFR90%2BNTK0DWsC%2FQ%3D
,鳥一代 恵比寿店,居酒屋,居酒屋,居酒屋,恵比寿居酒屋・焼鳥,850,9,611.1023773,https://r.gnavi.co.jp/rktxdnp40000/?ak=Hqa3%2BKJyyH%2FuQ%2Bo942qAMy4q%2BooRFR90%2BNTK0DWsC%2FQ%3D
×,ひない小町 恵比寿店,焼き鳥・肉料理・串料理,鶏料理,鶏料理(鳥料理),恵比寿比内地鶏炭火焼,-1,,616.8623646,https://r.gnavi.co.jp/g204500/?ak=Hqa3%2BKJyyH%2FuQ%2Bo942qAMy4q%2BooRFR90%2BNTK0DWsC%2FQ%3D
,まにん 〜ＭＡＮＩＮ〜 恵比寿店,日本料理・郷土料理,しゃぶしゃぶ,しゃぶしゃぶ,蕎麦・酒・しゃぶしゃぶ,950,10,617.8427613,https://r.gnavi.co.jp/a717101/?ak=Hqa3%2BKJyyH%2FuQ%2Bo942qAMy4q%2BooRFR90%2BNTK0DWsC%2FQ%3D
,言の葉,居酒屋,居酒屋,居酒屋,鉄板個室ダイニング,1000,9,620.8276396,https://r.gnavi.co.jp/gd39700/?ak=Hqa3%2BKJyyH%2FuQ%2Bo942qAMy4q%2BooRFR90%2BNTK0DWsC%2FQ%3D
,サラ・アンダルーサ,宴会・カラオケ・エンターテイメント,パーティースペース,パーティールーム・スペース,貸切スペインダイニング,850,10,621.6610599,https://r.gnavi.co.jp/mdayd13d0000/?ak=Hqa3%2BKJyyH%2FuQ%2Bo942qAMy4q%2BooRFR90%2BNTK0DWsC%2FQ%3D
,肉ビストロ TEPPEN 恵比寿,イタリアン・フレンチ,ビストロ,ビストロ,肉と牡蠣とワインのお店,980,9,623.871879,https://r.gnavi.co.jp/dszfc6pj0000/?ak=Hqa3%2BKJyyH%2FuQ%2Bo942qAMy4q%2BooRFR90%2BNTK0DWsC%2FQ%3D
,ライオンのいるサーカス,イタリアン・フレンチ,パスタ,パスタ,パスタ,-1,10,626.5698449,https://r.gnavi.co.jp/rkv4wpzs0000/?ak=Hqa3%2BKJyyH%2FuQ%2Bo942qAMy4q%2BooRFR90%2BNTK0DWsC%2FQ%3D
×,APPLE SALAD（アップル サラダ）,ダイニングバー・バー・ビアホール,バル,スペインバル・イタリアンバール,恵比寿ランチスペアリブ,1100,,632.107258,https://r.gnavi.co.jp/e4b7y6cf0000/?ak=Hqa3%2BKJyyH%2FuQ%2Bo942qAMy4q%2BooRFR90%2BNTK0DWsC%2FQ%3D
×,CHIBIKURO‐SAMBO,カフェ・スイーツ,カフェ,カフェ,自然食カフェ,1000,,633.3601851,https://r.gnavi.co.jp/bfy9mmde0000/?ak=Hqa3%2BKJyyH%2FuQ%2Bo942qAMy4q%2BooRFR90%2BNTK0DWsC%2FQ%3D
×,ビヤレストラン銀座ライオン アトレ恵比寿店,ダイニングバー・バー・ビアホール,ビアレストラン,ビアレストラン,多品種生ビール大型個室,1000,,552.7896916,https://r.gnavi.co.jp/g083200/?ak=Hqa3%2BKJyyH%2FuQ%2Bo942qAMy4q%2BooRFR90%2BNTK0DWsC%2FQ%3D
×,惠比壽ビヤホール,焼き鳥・肉料理・串料理,ステーキ,ステーキ,ヱビスを堪能ビアホール,1000,,636.7124211,https://r.gnavi.co.jp/mbp90x370000/?ak=Hqa3%2BKJyyH%2FuQ%2Bo942qAMy4q%2BooRFR90%2BNTK0DWsC%2FQ%3D
×,茶懐石鮨,日本料理・郷土料理,懐石料理,懐石料理,茶懐石料理 完全予約制,6000,,639.7867984,https://r.gnavi.co.jp/d25kurvn0000/?ak=Hqa3%2BKJyyH%2FuQ%2Bo942qAMy4q%2BooRFR90%2BNTK0DWsC%2FQ%3D
×,日本料理 四四A2,日本料理・郷土料理,郷土料理,郷土料理,旬を感じられる日本料理,6000,,644.1699218,https://r.gnavi.co.jp/939cavcf0000/?ak=Hqa3%2BKJyyH%2FuQ%2Bo942qAMy4q%2BooRFR90%2BNTK0DWsC%2FQ%3D
,MADISON NEWYORK KITCHEN,イタリアン・フレンチ,ビストロ,ビストロ,NYビストロ,1500,10,646.7072578,https://r.gnavi.co.jp/h12zj27c0000/?ak=Hqa3%2BKJyyH%2FuQ%2Bo942qAMy4q%2BooRFR90%2BNTK0DWsC%2FQ%3D
,恵比寿ばし 武生,日本料理・郷土料理,懐石料理,懐石料理,和食ダイニング,1000,10,648.5710277,https://r.gnavi.co.jp/b703900/?ak=Hqa3%2BKJyyH%2FuQ%2Bo942qAMy4q%2BooRFR90%2BNTK0DWsC%2FQ%3D
,がらく 恵比寿南店,鍋,もつ鍋,もつ鍋,スポーツ観戦できる店,-1,10,665.0889278,https://r.gnavi.co.jp/g632301/?ak=Hqa3%2BKJyyH%2FuQ%2Bo942qAMy4q%2BooRFR90%2BNTK0DWsC%2FQ%3D
×,恵比寿 でですけ,居酒屋,居酒屋,居酒屋,串揚 串焼 鶏料理 宴,-1,,683.3538348,https://r.gnavi.co.jp/a207501/?ak=Hqa3%2BKJyyH%2FuQ%2Bo942qAMy4q%2BooRFR90%2BNTK0DWsC%2FQ%3D
,ステーキ＆ハンバーグ モンスターグリル 恵比寿店,ダイニングバー・バー・ビアホール,バル,スペインバル・イタリアンバール,がっつりステーキ,1000,10,677.1655164,https://r.gnavi.co.jp/kgf8csv00000/?ak=Hqa3%2BKJyyH%2FuQ%2Bo942qAMy4q%2BooRFR90%2BNTK0DWsC%2FQ%3D
,恵比寿 ガパオ食堂,アジア・エスニック料理,アジア・エスニック料理 ,アジア・エスニック料理 その他,絶品タイ料理◎SNS映,980,10,684.3890179,https://r.gnavi.co.jp/599suhkg0000/?ak=Hqa3%2BKJyyH%2FuQ%2Bo942qAMy4q%2BooRFR90%2BNTK0DWsC%2FQ%3D
,トラットリア・イタリア 目黒店,イタリアン・フレンチ,イタリアン,イタリアン(イタリア料理),イタリアン窯焼ピザ個室,-1,10,702.9410045,https://r.gnavi.co.jp/g012105/?ak=Hqa3%2BKJyyH%2FuQ%2Bo942qAMy4q%2BooRFR90%2BNTK0DWsC%2FQ%3D
×,利華,オーガニック・創作料理,創作料理,創作料理,中華料理,900,,691.3992968,https://r.gnavi.co.jp/g371600/?ak=Hqa3%2BKJyyH%2FuQ%2Bo942qAMy4q%2BooRFR90%2BNTK0DWsC%2FQ%3D
,誕生日・テーブルアート dolloom～ドールーム～恵比寿,居酒屋,居酒屋,居酒屋,感動のテーブルアート！,1000,,691.1372676,https://r.gnavi.co.jp/npjrgzs50000/?ak=Hqa3%2BKJyyH%2FuQ%2Bo942qAMy4q%2BooRFR90%2BNTK0DWsC%2FQ%3D
,トラットリア・グロッタ 恵比寿,ダイニングバー・バー・ビアホール,ダイニングバー,ダイニングバー,イタリアンバル,1000,10,704.0414545,https://r.gnavi.co.jp/mgm9fhdf0000/?ak=Hqa3%2BKJyyH%2FuQ%2Bo942qAMy4q%2BooRFR90%2BNTK0DWsC%2FQ%3D
,がらく本店,居酒屋,居酒屋,居酒屋,おでん 居酒屋,750,,709.1068601,https://r.gnavi.co.jp/g632300/?ak=Hqa3%2BKJyyH%2FuQ%2Bo942qAMy4q%2BooRFR90%2BNTK0DWsC%2FQ%3D
×,パレルモ 恵比寿店,イタリアン・フレンチ,イタリアン,イタリアン(イタリア料理),☆ヘルシーイタリアン☆,900,,708.3929188,https://r.gnavi.co.jp/ny8yhw6y0000/?ak=Hqa3%2BKJyyH%2FuQ%2Bo942qAMy4q%2BooRFR90%2BNTK0DWsC%2FQ%3D
,CAFE＆DELI OLIVE,宴会・カラオケ・エンターテイメント,パーティースペース,パーティールーム・スペース,恵比寿バル×カフェ,-1,,708.6336794,https://r.gnavi.co.jp/pdvbm3cg0000/?ak=Hqa3%2BKJyyH%2FuQ%2Bo942qAMy4q%2BooRFR90%2BNTK0DWsC%2FQ%3D
,AMOUR,イタリアン・フレンチ,フレンチ,フレンチ(フランス料理),フランス料理,8000,,710.8453603,https://r.gnavi.co.jp/6zp2j4fj0000/?ak=Hqa3%2BKJyyH%2FuQ%2Bo942qAMy4q%2BooRFR90%2BNTK0DWsC%2FQ%3D
,cafe＆dining nurikabe,イタリアン・フレンチ,フレンチ,フレンチ(フランス料理),貸切できるカフェ,900,,712.0683946,https://r.gnavi.co.jp/mv4hhv7v0000/?ak=Hqa3%2BKJyyH%2FuQ%2Bo942qAMy4q%2BooRFR90%2BNTK0DWsC%2FQ%3D
,ＮＩＮＯ 恵比寿,イタリアン・フレンチ,イタリアン,イタリアン(イタリア料理),イタリアンレストラン,950,,729.3618956,https://r.gnavi.co.jp/7nczcj5k0000/?ak=Hqa3%2BKJyyH%2FuQ%2Bo942qAMy4q%2BooRFR90%2BNTK0DWsC%2FQ%3D
×,恵比寿くいもの酒場 羅府‐Rafu‐,居酒屋,居酒屋,居酒屋,恵比寿手作り創作居酒屋,850,,727.6449928,https://r.gnavi.co.jp/g194700/?ak=Hqa3%2BKJyyH%2FuQ%2Bo942qAMy4q%2BooRFR90%2BNTK0DWsC%2FQ%3D
,沖縄料理とワイン ワイモリカ,お酒,ワイン,ワイン,ワイン,-1,,731.317694,https://r.gnavi.co.jp/cex0awyk0000/?ak=Hqa3%2BKJyyH%2FuQ%2Bo942qAMy4q%2BooRFR90%2BNTK0DWsC%2FQ%3D
×,Ｌｅ Ｐａｒｃ 恵比寿店,中華,飲茶・点心,飲茶・点心,香港飲茶・広東料理,1000,,763.058108,https://r.gnavi.co.jp/g212700/?ak=Hqa3%2BKJyyH%2FuQ%2Bo942qAMy4q%2BooRFR90%2BNTK0DWsC%2FQ%3D
×,隠れ家個室居酒屋 囲邸 恵比寿店,居酒屋,居酒屋,居酒屋,恵比寿の完全個室居酒屋,3500,,737.8278069,https://r.gnavi.co.jp/317z0pu70000/?ak=Hqa3%2BKJyyH%2FuQ%2Bo942qAMy4q%2BooRFR90%2BNTK0DWsC%2FQ%3D
×,くつろぎの和食個室居酒屋 響き‐HIBIKI‐ 恵比寿本店,居酒屋,居酒屋,居酒屋,恵比寿個室居酒屋女子会,2480,,749.7382585,https://r.gnavi.co.jp/c4j2eva40000/?ak=Hqa3%2BKJyyH%2FuQ%2Bo942qAMy4q%2BooRFR90%2BNTK0DWsC%2FQ%3D
×,TIRPSE,イタリアン・フレンチ,フレンチ,フレンチ(フランス料理),フレンチレストラン,8000,,752.6078991,https://r.gnavi.co.jp/fsbjvnkv0000/?ak=Hqa3%2BKJyyH%2FuQ%2Bo942qAMy4q%2BooRFR90%2BNTK0DWsC%2FQ%3D
×,かいり 恵比寿店,すし・魚料理・シーフード,牡蠣料理,牡蠣料理（かき料理）,生牡蠣と鍋が絶品の店,900,,754.5474442,https://r.gnavi.co.jp/gash900/?ak=Hqa3%2BKJyyH%2FuQ%2Bo942qAMy4q%2BooRFR90%2BNTK0DWsC%2FQ%3D
,アニバーサリーガーデン,オーガニック・創作料理,オーガニック料理,オーガニック料理,オーガニック,2500,10,753.5284353,https://r.gnavi.co.jp/h6rfafa00000/?ak=Hqa3%2BKJyyH%2FuQ%2Bo942qAMy4q%2BooRFR90%2BNTK0DWsC%2FQ%3D
×,産直青魚専門 恵比寿 御厨 （みくりや）,すし・魚料理・シーフード,刺身・海鮮料理,刺身・海鮮料理,青魚専門居酒屋,1100,,753.8409982,https://r.gnavi.co.jp/986ksy2b0000/?ak=Hqa3%2BKJyyH%2FuQ%2Bo942qAMy4q%2BooRFR90%2BNTK0DWsC%2FQ%3D
×,生ハム キッチン 目黒 Root’s ～ルーツ～,イタリアン・フレンチ,フレンチ,フレンチ(フランス料理),まるごと貸切18名様～,-1,,753.6731883,https://r.gnavi.co.jp/jgd33w030000/?ak=Hqa3%2BKJyyH%2FuQ%2Bo942qAMy4q%2BooRFR90%2BNTK0DWsC%2FQ%3D
×,恵比寿CHINESE KITCHEN 虎8,中華,中華料理,中華料理,中華料理,-1,,756.2396952,https://r.gnavi.co.jp/bdcfm7880000/?ak=Hqa3%2BKJyyH%2FuQ%2Bo942qAMy4q%2BooRFR90%2BNTK0DWsC%2FQ%3D
×,コニシ,洋食,洋食屋,洋食屋,洋食料理,850,,756.8917934,https://r.gnavi.co.jp/bencwbp90000/?ak=Hqa3%2BKJyyH%2FuQ%2Bo942qAMy4q%2BooRFR90%2BNTK0DWsC%2FQ%3D
×,LE BISTROT COUCOU,イタリアン・フレンチ,イタリアン,イタリアン(イタリア料理),カジュアルフレンチ,1000,10,759.2133596,https://r.gnavi.co.jp/eshv62tt0000/?ak=Hqa3%2BKJyyH%2FuQ%2Bo942qAMy4q%2BooRFR90%2BNTK0DWsC%2FQ%3D
×,ビストロ・ル・プュイドール 金の井戸,イタリアン・フレンチ,フレンチ,フレンチ(フランス料理),恵比寿フランス料理,-1,,755.8205894,https://r.gnavi.co.jp/g132700/?ak=Hqa3%2BKJyyH%2FuQ%2Bo942qAMy4q%2BooRFR90%2BNTK0DWsC%2FQ%3D
×,恵比寿餃子 大豊記 本館,中華,餃子,餃子,恵比寿餃子 大豊記,-1,,762.2916469,https://r.gnavi.co.jp/a454925/?ak=Hqa3%2BKJyyH%2FuQ%2Bo942qAMy4q%2BooRFR90%2BNTK0DWsC%2FQ%3D
×,カジュアルイタリアン×デザイナーズダイニング umineko ebisu,イタリアン・フレンチ,イタリアン,イタリアン(イタリア料理),カジュアルイタリアン,1000,,766.0784001,https://r.gnavi.co.jp/cz079sub0000/?ak=Hqa3%2BKJyyH%2FuQ%2Bo942qAMy4q%2BooRFR90%2BNTK0DWsC%2FQ%3D
×,恵比寿 旬菜料理 なかよし,居酒屋,居酒屋,居酒屋,居酒屋,-1,,772.5250722,https://r.gnavi.co.jp/gyj4n9990000/?ak=Hqa3%2BKJyyH%2FuQ%2Bo942qAMy4q%2BooRFR90%2BNTK0DWsC%2FQ%3D
×,スパニッシュキッチン ペルカ,居酒屋,居酒屋,居酒屋,恵比寿個室スペイン料理,1000,,771.7467229,https://r.gnavi.co.jp/hpa5wmr50000/?ak=Hqa3%2BKJyyH%2FuQ%2Bo942qAMy4q%2BooRFR90%2BNTK0DWsC%2FQ%3D
×,Spanish Restaurant LaFusion,欧米・各国料理,スペイン料理,スペイン料理,洒落たスペイン料理の店,1500,,774.7688436,https://r.gnavi.co.jp/p6e5tg820000/?ak=Hqa3%2BKJyyH%2FuQ%2Bo942qAMy4q%2BooRFR90%2BNTK0DWsC%2FQ%3D
×,ろくまる五元豚 恵比寿店,日本料理・郷土料理,しゃぶしゃぶ,しゃぶしゃぶ,恵比寿 居酒屋 宴会,-1,,777.8725555,https://r.gnavi.co.jp/a223306/?ak=Hqa3%2BKJyyH%2FuQ%2Bo942qAMy4q%2BooRFR90%2BNTK0DWsC%2FQ%3D
×,アマポーラ 恵比寿店,欧米・各国料理,スペイン料理,スペイン料理,旬の厳選食材・スペイン,1000,,765.0550619,https://r.gnavi.co.jp/g061201/?ak=Hqa3%2BKJyyH%2FuQ%2Bo942qAMy4q%2BooRFR90%2BNTK0DWsC%2FQ%3D
×,モナリザ 恵比寿店,イタリアン・フレンチ,フレンチ,フレンチ(フランス料理),フランス料理,6000,,790.2859647,https://r.gnavi.co.jp/g205100/?ak=Hqa3%2BKJyyH%2FuQ%2Bo942qAMy4q%2BooRFR90%2BNTK0DWsC%2FQ%3D
×,ＴG．HEARTH,イタリアン・フレンチ,イタリアン,イタリアン(イタリア料理),恵比寿 イタリアン個室,1500,,790.899451,https://r.gnavi.co.jp/1kcege800000/?ak=Hqa3%2BKJyyH%2FuQ%2Bo942qAMy4q%2BooRFR90%2BNTK0DWsC%2FQ%3D
×,恵比寿 Time Out Cafe＆Diner,宴会・カラオケ・エンターテイメント,パーティースペース,パーティールーム・スペース,カフェ＆ダイナー,750,,796.0386004,https://r.gnavi.co.jp/mbdcsshh0000/?ak=Hqa3%2BKJyyH%2FuQ%2Bo942qAMy4q%2BooRFR90%2BNTK0DWsC%2FQ%3D
×,CAFE PARK ～カフェパーク～,ダイニングバー・バー・ビアホール,ダイニングバー,ダイニングバー,設備充実♪貸切や宴会に,1000,,801.7756317,https://r.gnavi.co.jp/gafu100/?ak=Hqa3%2BKJyyH%2FuQ%2Bo942qAMy4q%2BooRFR90%2BNTK0DWsC%2FQ%3D
×,炭火焼肉・韓国料理 KollaBo 恵比寿店,アジア・エスニック料理,韓国料理,韓国料理,韓国料理＆焼肉＆個室,1200,,800.2589241,https://r.gnavi.co.jp/9hsynysk0000/?ak=Hqa3%2BKJyyH%2FuQ%2Bo942qAMy4q%2BooRFR90%2BNTK0DWsC%2FQ%3D
×,KICKS～キックス～ 目黒本店,ダイニングバー・バー・ビアホール,バー,バー,スポーツ肉バル,1000,,815.7344278,https://r.gnavi.co.jp/gbv564rt0000/?ak=Hqa3%2BKJyyH%2FuQ%2Bo942qAMy4q%2BooRFR90%2BNTK0DWsC%2FQ%3D
×,たまきんち,,,,居酒屋,800,,-1,https://r.gnavi.co.jp/a1nwh8b50000/?ak=Hqa3%2BKJyyH%2FuQ%2Bo942qAMy4q%2BooRFR90%2BNTK0DWsC%2FQ%3D
×,メゾン プルミエール,イタリアン・フレンチ,フレンチ,フレンチ(フランス料理),フレンチ,3800,,825.835706,https://r.gnavi.co.jp/p0kvw9n60000/?ak=Hqa3%2BKJyyH%2FuQ%2Bo942qAMy4q%2BooRFR90%2BNTK0DWsC%2FQ%3D
×,恵比寿 ダイニング 囲本 ‐いもと‐,居酒屋,居酒屋,居酒屋,恵比寿個室居酒屋鍋和食,800,,835.3088268,https://r.gnavi.co.jp/gb4r400/?ak=Hqa3%2BKJyyH%2FuQ%2Bo942qAMy4q%2BooRFR90%2BNTK0DWsC%2FQ%3D
×,GOBLIN．MEGURO,宴会・カラオケ・エンターテイメント,パーティースペース,パーティールーム・スペース,個室&貸切でパーティー,-1,,835.9090725,https://r.gnavi.co.jp/gagn500/?ak=Hqa3%2BKJyyH%2FuQ%2Bo942qAMy4q%2BooRFR90%2BNTK0DWsC%2FQ%3D
×,やまきた,ラーメン・麺料理,そば,そば,いわての蕎麦,1000,,837.669531,https://r.gnavi.co.jp/6sa5ucx40000/?ak=Hqa3%2BKJyyH%2FuQ%2Bo942qAMy4q%2BooRFR90%2BNTK0DWsC%2FQ%3D
×,The Latria Table HEARTH 恵比寿,イタリアン・フレンチ,イタリアン,イタリアン(イタリア料理),恵比寿 イタリアン個室,1500,,842.2492467,https://r.gnavi.co.jp/g726604/?ak=Hqa3%2BKJyyH%2FuQ%2Bo942qAMy4q%2BooRFR90%2BNTK0DWsC%2FQ%3D
×,カラビンカ,オーガニック・創作料理,創作料理,創作料理,TokyoSAKABA,1000,,848.2203219,https://r.gnavi.co.jp/ga9w500/?ak=Hqa3%2BKJyyH%2FuQ%2Bo942qAMy4q%2BooRFR90%2BNTK0DWsC%2FQ%3D
×,目黒居酒屋 まじゅばん,居酒屋,居酒屋,居酒屋,居酒屋 飲み放題,800,,850.9462405,https://r.gnavi.co.jp/e5mnff7z0000/?ak=Hqa3%2BKJyyH%2FuQ%2Bo942qAMy4q%2BooRFR90%2BNTK0DWsC%2FQ%3D
×,濱の屋 目黒店,すし・魚料理・シーフード,シーフード料理,シーフード料理,魚河岸を料理する！！,900,,849.7738078,https://r.gnavi.co.jp/a525301/?ak=Hqa3%2BKJyyH%2FuQ%2Bo942qAMy4q%2BooRFR90%2BNTK0DWsC%2FQ%3D
×,創作和食 和神 －WAZIN－ 目黒,居酒屋,居酒屋,居酒屋,目黒 和食日本酒 個室,900,,847.3181111,https://r.gnavi.co.jp/p619700/?ak=Hqa3%2BKJyyH%2FuQ%2Bo942qAMy4q%2BooRFR90%2BNTK0DWsC%2FQ%3D
×,KICKS～キックス～ 権之助坂店,ダイニングバー・バー・ビアホール,バー,バー,ダイニングバー,700,,852.2540824,https://r.gnavi.co.jp/5jycknnw0000/?ak=Hqa3%2BKJyyH%2FuQ%2Bo942qAMy4q%2BooRFR90%2BNTK0DWsC%2FQ%3D
×,kushina copain ～クッシーナ コパン～ 目黒,お酒,ワイン,ワイン,串揚げ ワインバル,1000,,852.0659426,https://r.gnavi.co.jp/841f262x0000/?ak=Hqa3%2BKJyyH%2FuQ%2Bo942qAMy4q%2BooRFR90%2BNTK0DWsC%2FQ%3D
×,野方ホープ 目黒店,ラーメン・麺料理,ラーメン,ラーメン,ラーメン×創作居酒屋,1000,,853.6499104,https://r.gnavi.co.jp/4mymp52f0000/?ak=Hqa3%2BKJyyH%2FuQ%2Bo942qAMy4q%2BooRFR90%2BNTK0DWsC%2FQ%3D
×,日本茶カフェダイニング HANARUKA,和食,和食 その他,和食 その他,日本茶・お茶漬けのお店,1300,,855.3720988,https://r.gnavi.co.jp/301a2usg0000/?ak=Hqa3%2BKJyyH%2FuQ%2Bo942qAMy4q%2BooRFR90%2BNTK0DWsC%2FQ%3D
×,テオドーラ,イタリアン・フレンチ,フレンチ,フレンチ(フランス料理),南仏地中海料理,1000,,857.0355846,https://r.gnavi.co.jp/mh12ry460000/?ak=Hqa3%2BKJyyH%2FuQ%2Bo942qAMy4q%2BooRFR90%2BNTK0DWsC%2FQ%3D
×,花見鮨,すし・魚料理・シーフード,すし・魚料理 ,すし・魚料理 その他,すし,1500,,864.3681765,https://r.gnavi.co.jp/g588200/?ak=Hqa3%2BKJyyH%2FuQ%2Bo942qAMy4q%2BooRFR90%2BNTK0DWsC%2FQ%3D
×,Rowazo,焼き鳥・肉料理・串料理,鉄板焼き,鉄板焼き,個室/炭火焼鳥・和牛,1200,,865.2841832,https://r.gnavi.co.jp/ppbzdk5c0000/?ak=Hqa3%2BKJyyH%2FuQ%2Bo942qAMy4q%2BooRFR90%2BNTK0DWsC%2FQ%3D
×,Dexee Diner（ディキシーダイナー） 恵比寿店,居酒屋,居酒屋,居酒屋,カジュアルに美食を堪能,1000,,865.943395,https://r.gnavi.co.jp/5yymzzms0000/?ak=Hqa3%2BKJyyH%2FuQ%2Bo942qAMy4q%2BooRFR90%2BNTK0DWsC%2FQ%3D
×,Q．E．D．CLUB,イタリアン・フレンチ,フレンチ,フレンチ(フランス料理),フレンチ,-1,,872.1672125,https://r.gnavi.co.jp/9y7ke4mj0000/?ak=Hqa3%2BKJyyH%2FuQ%2Bo942qAMy4q%2BooRFR90%2BNTK0DWsC%2FQ%3D
×,アラジン,イタリアン・フレンチ,フレンチ,フレンチ(フランス料理),恵比寿広尾フランス料理,5000,,877.9423161,https://r.gnavi.co.jp/7j211ygg0000/?ak=Hqa3%2BKJyyH%2FuQ%2Bo942qAMy4q%2BooRFR90%2BNTK0DWsC%2FQ%3D
×,九州 熱中屋 目黒 LIVE,居酒屋,居酒屋,居酒屋,目黒 九州 居酒屋,800,,873.6385307,https://r.gnavi.co.jp/5z8h2gvs0000/?ak=Hqa3%2BKJyyH%2FuQ%2Bo942qAMy4q%2BooRFR90%2BNTK0DWsC%2FQ%3D
×,ワイン＆ダイニング タパス＆タパス 目黒店,イタリアン・フレンチ,イタリアン,イタリアン(イタリア料理),目黒×肉バル×宴会,1000,,873.6385307,https://r.gnavi.co.jp/ew19w7w20000/?ak=Hqa3%2BKJyyH%2FuQ%2Bo942qAMy4q%2BooRFR90%2BNTK0DWsC%2FQ%3D
×,遊食家ゆがふ,居酒屋,居酒屋,居酒屋,目黒駅近 個室沖縄料理,800,,877.5214935,https://r.gnavi.co.jp/g700800/?ak=Hqa3%2BKJyyH%2FuQ%2Bo942qAMy4q%2BooRFR90%2BNTK0DWsC%2FQ%3D
×,一銭坊,お好み焼き・粉物,広島風お好み焼き,広島風お好み焼き,広島流お好み焼き,1000,,876.5229543,https://r.gnavi.co.jp/1r473s960000/?ak=Hqa3%2BKJyyH%2FuQ%2Bo942qAMy4q%2BooRFR90%2BNTK0DWsC%2FQ%3D
×,レストラン ラッセ,イタリアン・フレンチ,イタリアン,イタリアン(イタリア料理),イタリアン,5500,,876.9751775,https://r.gnavi.co.jp/gbv1500/?ak=Hqa3%2BKJyyH%2FuQ%2Bo942qAMy4q%2BooRFR90%2BNTK0DWsC%2FQ%3D
×,鉄板焼き 鉄仁,居酒屋,居酒屋,居酒屋,鉄板焼き居酒屋,1500,,881.2578812,https://r.gnavi.co.jp/s71d3kka0000/?ak=Hqa3%2BKJyyH%2FuQ%2Bo942qAMy4q%2BooRFR90%2BNTK0DWsC%2FQ%3D
×,ビストロ ガブリ 目黒,イタリアン・フレンチ,ビストロ,ビストロ,ビストロ 炭火 ワイン,980,,884.8158367,https://r.gnavi.co.jp/6vx87psm0000/?ak=Hqa3%2BKJyyH%2FuQ%2Bo942qAMy4q%2BooRFR90%2BNTK0DWsC%2FQ%3D
×,マッシュルーム,イタリアン・フレンチ,フレンチ,フレンチ(フランス料理),フレンチ,-1,,893.6184568,https://r.gnavi.co.jp/f3077wtp0000/?ak=Hqa3%2BKJyyH%2FuQ%2Bo942qAMy4q%2BooRFR90%2BNTK0DWsC%2FQ%3D
×,マーダル,アジア・エスニック料理,ネパール料理,ネパール料理,目黒★アジアンパーティ,800,,894.9440494,https://r.gnavi.co.jp/g464000/?ak=Hqa3%2BKJyyH%2FuQ%2Bo942qAMy4q%2BooRFR90%2BNTK0DWsC%2FQ%3D
×,パンとワイン 目黒FLAT,お酒,ワイン,ワイン,バル　ワイン　パン屋,850,,895.4542703,https://r.gnavi.co.jp/6nga2evr0000/?ak=Hqa3%2BKJyyH%2FuQ%2Bo942qAMy4q%2BooRFR90%2BNTK0DWsC%2FQ%3D
×,個室居酒屋 福の膳 目黒店,居酒屋,居酒屋,居酒屋,個室創作料理ダイニング,850,,898.6808724,https://r.gnavi.co.jp/a422301/?ak=Hqa3%2BKJyyH%2FuQ%2Bo942qAMy4q%2BooRFR90%2BNTK0DWsC%2FQ%3D
×,CONA 目黒店,イタリアン・フレンチ,イタリアン,イタリアン(イタリア料理),イタリアン＆ワインバー,700,,898.2585129,https://r.gnavi.co.jp/6nf8jg3b0000/?ak=Hqa3%2BKJyyH%2FuQ%2Bo942qAMy4q%2BooRFR90%2BNTK0DWsC%2FQ%3D
×,北の味紀行と地酒　北海道 目黒西口店,居酒屋,居酒屋,居酒屋,蟹と海鮮の和食居酒屋,830,,928.0344591,https://r.gnavi.co.jp/g882520/?ak=Hqa3%2BKJyyH%2FuQ%2Bo942qAMy4q%2BooRFR90%2BNTK0DWsC%2FQ%3D
×,明洞,焼肉・ホルモン,焼肉,焼肉,焼肉,-1,,902.214322,https://r.gnavi.co.jp/6e8r54350000/?ak=Hqa3%2BKJyyH%2FuQ%2Bo942qAMy4q%2BooRFR90%2BNTK0DWsC%2FQ%3D
×,アニバーサリーアン 恵比寿 エスカリエ,イタリアン・フレンチ,フレンチ,フレンチ(フランス料理),邸宅フレンチレストラン,1080,,904.7117027,https://r.gnavi.co.jp/n8cydh0y0000/?ak=Hqa3%2BKJyyH%2FuQ%2Bo942qAMy4q%2BooRFR90%2BNTK0DWsC%2FQ%3D
×,近江牛亭 目黒店,焼肉・ホルモン,焼肉,焼肉,焼肉,1000,,908.519152,https://r.gnavi.co.jp/hrbe2juj0000/?ak=Hqa3%2BKJyyH%2FuQ%2Bo942qAMy4q%2BooRFR90%2BNTK0DWsC%2FQ%3D
×,川合鮮魚店,すし・魚料理・シーフード,刺身・海鮮料理,刺身・海鮮料理,海鮮料理,-1,,908.6029532,https://r.gnavi.co.jp/kubwmdpm0000/?ak=Hqa3%2BKJyyH%2FuQ%2Bo942qAMy4q%2BooRFR90%2BNTK0DWsC%2FQ%3D
×,ａｕｎｔ ＭＩＭＩ,オーガニック・創作料理,創作料理,創作料理,創作家庭料理,1000,,911.4433802,https://r.gnavi.co.jp/g226800/?ak=Hqa3%2BKJyyH%2FuQ%2Bo942qAMy4q%2BooRFR90%2BNTK0DWsC%2FQ%3D
×,釣船茶屋ざうお 目黒店,すし・魚料理・シーフード,シーフード,シーフード料理,魚釣りが出来る居酒屋,1500,,911.0991412,https://r.gnavi.co.jp/g881502/?ak=Hqa3%2BKJyyH%2FuQ%2Bo942qAMy4q%2BooRFR90%2BNTK0DWsC%2FQ%3D
×,アメリカンダイニング ブルーポイント,欧米・各国料理,アメリカ料理,アメリカ料理,アメリカ料理,-1,,908.7357525,https://r.gnavi.co.jp/f4vp74zh0000/?ak=Hqa3%2BKJyyH%2FuQ%2Bo942qAMy4q%2BooRFR90%2BNTK0DWsC%2FQ%3D
×,TRUNK,イタリアン・フレンチ,イタリアン,イタリアン(イタリア料理),イタリアン,-1,,970.7349829,https://r.gnavi.co.jp/st6d5mba0000/?ak=Hqa3%2BKJyyH%2FuQ%2Bo942qAMy4q%2BooRFR90%2BNTK0DWsC%2FQ%3D
×,だるま鮨,すし・魚料理・シーフード,寿司,寿司,街のお鮨屋さん,1000,,913.3881656,https://r.gnavi.co.jp/ra0652j60000/?ak=Hqa3%2BKJyyH%2FuQ%2Bo942qAMy4q%2BooRFR90%2BNTK0DWsC%2FQ%3D
×,珈琲茶館 集 目黒店,カフェ・スイーツ,カフェ,カフェ,コーヒーとスイーツ,1200,,914.8142002,https://r.gnavi.co.jp/fd2avdju0000/?ak=Hqa3%2BKJyyH%2FuQ%2Bo942qAMy4q%2BooRFR90%2BNTK0DWsC%2FQ%3D
×,上海食堂 陳民,居酒屋,居酒屋,居酒屋,上海食堂　中華料理,850,,917.1170291,https://r.gnavi.co.jp/bup6d98x0000/?ak=Hqa3%2BKJyyH%2FuQ%2Bo942qAMy4q%2BooRFR90%2BNTK0DWsC%2FQ%3D
×,農園野菜ダイニング Stay Gold 目黒,ダイニングバー・バー・ビアホール,ダイニングバー,ダイニングバー,ダイニングバー,-1,,919.3009229,https://r.gnavi.co.jp/5k6whxyj0000/?ak=Hqa3%2BKJyyH%2FuQ%2Bo942qAMy4q%2BooRFR90%2BNTK0DWsC%2FQ%3D
×,目黒deステーキ,焼き鳥・肉料理・串料理,ステーキ,ステーキ,目黒 肉 ステーキ,1000,,921.1155047,https://r.gnavi.co.jp/32vrgas90000/?ak=Hqa3%2BKJyyH%2FuQ%2Bo942qAMy4q%2BooRFR90%2BNTK0DWsC%2FQ%3D
×,福の花 目黒店,居酒屋,居酒屋,居酒屋,地酒・山口料理・瓦そば,780,,927.2584132,https://r.gnavi.co.jp/g330003/?ak=Hqa3%2BKJyyH%2FuQ%2Bo942qAMy4q%2BooRFR90%2BNTK0DWsC%2FQ%3D
×,目黒 味駒,居酒屋,居酒屋,居酒屋,目黒で味わう和酒・和食,1000,,923.7947241,https://r.gnavi.co.jp/8z27bpvc0000/?ak=Hqa3%2BKJyyH%2FuQ%2Bo942qAMy4q%2BooRFR90%2BNTK0DWsC%2FQ%3D
×,APERITIVO 恵比寿,イタリアン・フレンチ,イタリアン,イタリアン(イタリア料理),イタリアン,-1,,925.567354,https://r.gnavi.co.jp/gdp2903g0000/?ak=Hqa3%2BKJyyH%2FuQ%2Bo942qAMy4q%2BooRFR90%2BNTK0DWsC%2FQ%3D
×,Melograno（メログラーノ）,イタリアン・フレンチ,イタリアン,イタリアン(イタリア料理),広尾のイタリアン,4000,,933.4542022,https://r.gnavi.co.jp/hby9zmut0000/?ak=Hqa3%2BKJyyH%2FuQ%2Bo942qAMy4q%2BooRFR90%2BNTK0DWsC%2FQ%3D
×,馳走 麹屋,日本料理・郷土料理,懐石,会席料理,完全個室 隠れ家和食,1300,,933.3165386,https://r.gnavi.co.jp/2e89pjmv0000/?ak=Hqa3%2BKJyyH%2FuQ%2Bo942qAMy4q%2BooRFR90%2BNTK0DWsC%2FQ%3D
×,とん豚テジ 目黒店,アジア・エスニック料理,韓国料理,韓国料理,メディア取材多数人気店,900,,930.4922515,https://r.gnavi.co.jp/gaxc701/?ak=Hqa3%2BKJyyH%2FuQ%2Bo942qAMy4q%2BooRFR90%2BNTK0DWsC%2FQ%3D
×,鮨 竹半 若槻,すし・魚料理・シーフード,寿司,寿司,寿司屋,-1,,934.1154014,https://r.gnavi.co.jp/gjfa6du50000/?ak=Hqa3%2BKJyyH%2FuQ%2Bo942qAMy4q%2BooRFR90%2BNTK0DWsC%2FQ%3D
×,PIZZERIA＆BAR CERTO！ 目黒店,ダイニングバー・バー・ビアホール,バル,スペインバル・イタリアンバール,ピッツェリア,1000,,936.0628089,https://r.gnavi.co.jp/8gtxmfpr0000/?ak=Hqa3%2BKJyyH%2FuQ%2Bo942qAMy4q%2BooRFR90%2BNTK0DWsC%2FQ%3D
×,カトマンズ ガングリ,アジア・エスニック料理,ネパール料理,ネパール料理,ネパール料理,840,,935.3192588,https://r.gnavi.co.jp/42msnd6x0000/?ak=Hqa3%2BKJyyH%2FuQ%2Bo942qAMy4q%2BooRFR90%2BNTK0DWsC%2FQ%3D
×,全家福 目黒店,中華,中華料理,中華料理,中国郷土料理,800,,940.1701229,https://r.gnavi.co.jp/e197100/?ak=Hqa3%2BKJyyH%2FuQ%2Bo942qAMy4q%2BooRFR90%2BNTK0DWsC%2FQ%3D
×,WE ARE THE FARM EBISU,イタリアン・フレンチ,イタリアン,イタリアン(イタリア料理),恵比寿バルカフェ野菜,1500,,940.9237502,https://r.gnavi.co.jp/9z491we40000/?ak=Hqa3%2BKJyyH%2FuQ%2Bo942qAMy4q%2BooRFR90%2BNTK0DWsC%2FQ%3D
×,トレ・ブルー,イタリアン・フレンチ,フレンチ,フレンチ(フランス料理),ワインビストロ,1000,,940.9237502,https://r.gnavi.co.jp/b8xsk45s0000/?ak=Hqa3%2BKJyyH%2FuQ%2Bo942qAMy4q%2BooRFR90%2BNTK0DWsC%2FQ%3D
×,ア・ニュ ルトゥルヴェ・ヴー,イタリアン・フレンチ,フレンチ,フレンチ(フランス料理),フランス料理,6500,,950.0254849,https://r.gnavi.co.jp/gaug300/?ak=Hqa3%2BKJyyH%2FuQ%2Bo942qAMy4q%2BooRFR90%2BNTK0DWsC%2FQ%3D
×,THE TENDER HOUSE,イタリアン・フレンチ,イタリアン,イタリアン(イタリア料理),白金 南米 ランチ,2000,,951.3010736,https://r.gnavi.co.jp/c08v4tvt0000/?ak=Hqa3%2BKJyyH%2FuQ%2Bo942qAMy4q%2BooRFR90%2BNTK0DWsC%2FQ%3D
×,魚と日本酒 たけ美 目黒,居酒屋,居酒屋,居酒屋,目黒の隠れ家居酒屋,1200,,952.6863684,https://r.gnavi.co.jp/a9k8d4gb0000/?ak=Hqa3%2BKJyyH%2FuQ%2Bo942qAMy4q%2BooRFR90%2BNTK0DWsC%2FQ%3D
×,目黒オイスターバー（MEGURO OYSTER BAR）,すし・魚料理・シーフード,牡蠣料理,牡蠣料理（かき料理）,絶品牡蠣とワインを堪能,900,,961.6281971,https://r.gnavi.co.jp/g92ac9b70000/?ak=Hqa3%2BKJyyH%2FuQ%2Bo942qAMy4q%2BooRFR90%2BNTK0DWsC%2FQ%3D
×,Kitchen bar 新目黒茶屋,宴会・カラオケ・エンターテイメント,パーティースペース,パーティールーム・スペース,西陣織カフェダイニング,1000,,985.8954828,https://r.gnavi.co.jp/b979901/?ak=Hqa3%2BKJyyH%2FuQ%2Bo942qAMy4q%2BooRFR90%2BNTK0DWsC%2FQ%3D
×,SOULDRESSING,焼き鳥・肉料理・串料理,鉄板焼き,鉄板焼き,鉄板焼きダイニング,4500,,967.8702902,https://r.gnavi.co.jp/e057800/?ak=Hqa3%2BKJyyH%2FuQ%2Bo942qAMy4q%2BooRFR90%2BNTK0DWsC%2FQ%3D
×,トラットリア ゴデレッチョ,イタリアン・フレンチ,イタリアン,イタリアン(イタリア料理),恵比寿　イタリアン,1500,,970.0250411,https://r.gnavi.co.jp/aajns1bb0000/?ak=Hqa3%2BKJyyH%2FuQ%2Bo942qAMy4q%2BooRFR90%2BNTK0DWsC%2FQ%3D
×,ThanksNature 恵比寿 代官山,カフェ・スイーツ,カフェ,カフェ,カフェ,-1,,969.0660785,https://r.gnavi.co.jp/hgm2y4p50000/?ak=Hqa3%2BKJyyH%2FuQ%2Bo942qAMy4q%2BooRFR90%2BNTK0DWsC%2FQ%3D
×,シュラスコ＆ラクレット BONーT ボニート 恵比寿,焼肉・ホルモン,焼肉,焼肉,シュラスコ&ラクレット,3000,,969.3694007,https://r.gnavi.co.jp/bt7yphsp0000/?ak=Hqa3%2BKJyyH%2FuQ%2Bo942qAMy4q%2BooRFR90%2BNTK0DWsC%2FQ%3D
×,レストラン マーヴェラス パラディ 白金,イタリアン・フレンチ,フレンチ,フレンチ(フランス料理),花のレストラン,3000,,971.1292214,https://r.gnavi.co.jp/rs7390750000/?ak=Hqa3%2BKJyyH%2FuQ%2Bo942qAMy4q%2BooRFR90%2BNTK0DWsC%2FQ%3D
×,周中菜房 白金亭,中華,中華料理,中華料理,中華レストラン,4000,,972.9351962,https://r.gnavi.co.jp/gb52001/?ak=Hqa3%2BKJyyH%2FuQ%2Bo942qAMy4q%2BooRFR90%2BNTK0DWsC%2FQ%3D
×,和牛 焼肉 牛吉 肉屋の台所 目黒店,焼肉・ホルモン,焼肉,焼肉,焼肉食べ放題2980～,1000,,978.9059667,https://r.gnavi.co.jp/2gch1rmw0000/?ak=Hqa3%2BKJyyH%2FuQ%2Bo942qAMy4q%2BooRFR90%2BNTK0DWsC%2FQ%3D
×,ALMA,イタリアン・フレンチ,イタリアン,イタリアン(イタリア料理),イタリア郷土料理,1500,,983.3671361,https://r.gnavi.co.jp/bgpr0c8c0000/?ak=Hqa3%2BKJyyH%2FuQ%2Bo942qAMy4q%2BooRFR90%2BNTK0DWsC%2FQ%3D
×,てけてけ 目黒店,居酒屋,居酒屋,居酒屋,焼き鳥 博多水炊き,740,,984.7419448,https://r.gnavi.co.jp/g735818/?ak=Hqa3%2BKJyyH%2FuQ%2Bo942qAMy4q%2BooRFR90%2BNTK0DWsC%2FQ%3D
×,ピッツェリア＆バール パリアッチョ 目黒,イタリアン・フレンチ,イタリアン,イタリアン(イタリア料理),窯焼きピザを愉しむバル,1000,,985.644706,https://r.gnavi.co.jp/d13yzck80000/?ak=Hqa3%2BKJyyH%2FuQ%2Bo942qAMy4q%2BooRFR90%2BNTK0DWsC%2FQ%3D
×,Thai Food Dining Shangri－La 広尾,アジア・エスニック料理,タイ料理,タイ料理,アジアンレストラン,1000,,987.7107973,https://r.gnavi.co.jp/gcyd800/?ak=Hqa3%2BKJyyH%2FuQ%2Bo942qAMy4q%2BooRFR90%2BNTK0DWsC%2FQ%3D
×,目黒の和食さとう,日本料理・郷土料理,すき焼き,すき焼き,ビストロ割烹,1000,,990.5083573,https://r.gnavi.co.jp/b6hcg9ve0000/?ak=Hqa3%2BKJyyH%2FuQ%2Bo942qAMy4q%2BooRFR90%2BNTK0DWsC%2FQ%3D
×,レクテ,イタリアン・フレンチ,フレンチ,フレンチ(フランス料理),こだわりのフレンチ,6000,,998.7697397,https://r.gnavi.co.jp/p3bdn0yg0000/?ak=Hqa3%2BKJyyH%2FuQ%2Bo942qAMy4q%2BooRFR90%2BNTK0DWsC%2FQ%3D
×,ESPRIME,イタリアン・フレンチ,イタリアン,イタリアン(イタリア料理),イタリアン,3500,,1002.770818,https://r.gnavi.co.jp/gmvxp4vy0000/?ak=Hqa3%2BKJyyH%2FuQ%2Bo942qAMy4q%2BooRFR90%2BNTK0DWsC%2FQ%3D
,こづち,定食・食堂,定食・食堂・カレーライス,定食・食堂・カレーライス,,1000,7,750,https://tabelog.com/tokyo/A1303/A130302/13001589/
,エビス バインミー ベーカリー,ベーカリー,ベーカリー,ベーカリー,,1000,10,800,https://tabelog.com/tokyo/A1303/A130302/13211869/
,メゾン・イチ 恵比寿店,ベーカリー,ベーカリー,ベーカリー,,1000,4,350,https://tabelog.com/tokyo/A1303/A130302/13004701/
,恵比寿 鐵玄,肉料理,ジンギスカン,ジンギスカン,,1000,5,450,https://tabelog.com/tokyo/A1303/A130302/13032533/
,瞠 恵比寿店,"ラーメン
",ラーメン,ラーメン,,1000,8,700,https://tabelog.com/tokyo/A1303/A130302/13201116/
,ピケ ,バル,バル,,,1000,8,700,https://tabelog.com/tokyo/A1303/A130302/13003201/
,ニャーヴェトナム 本店 ,アジア・エスニック料理,ベトナム料理,ベトナム料理,,1000,7,600,https://tabelog.com/tokyo/A1303/A130302/13111426/
,大豊記 本館 ,餃子,餃子,餃子,,1000,7,550,https://tabelog.com/tokyo/A1303/A130302/13001607/
,ロジェ カフェ,イタリアン・フレンチ,フレンチ,フレンチ（フランス料理）,,1000,9,750,https://tabelog.com/tokyo/A1303/A130302/13197080/
,Salt 恵比寿,イタリアン・フレンチ,ビストロ,ビストロ,,1000,8,650,https://tabelog.com/tokyo/A1303/A130302/13116485/
,アーク プライベートラウンジ カフェダイニング ,カフェ・スイーツ,カフェ,,,1000,7,600,https://tabelog.com/tokyo/A1303/A130302/13107923/
,鮪喜 恵比寿店,すし・魚料理,海鮮,,,1000,8,700,https://tabelog.com/tokyo/A1303/A130302/13157628/
,CONA 恵比寿店 ,イタリアン・フレンチ,イタリアン,イタリアン（イタリア料理）,,1000,9,750,https://tabelog.com/tokyo/A1303/A130302/13046327/
,モア サラダ 恵比寿店 ,,サラダ,サラダ,,1000,9,750,https://tabelog.com/tokyo/A1303/A130302/13194541/
,つぶしたて焼きとり おみっちゃん 恵比寿店 ,,焼き鳥,焼き鳥,,1000,10,850,https://tabelog.com/tokyo/A1303/A130302/13202205/
,マディソン ニューヨーク キッチン,イタリアン・フレンチ,ビストロ,ビストロ,,1000,10,850,
,Tsunami Ebisu TOKYO,,ハワイ料理,ハワイ料理,,1000,7,550,https://tabelog.com/tokyo/A1303/A130302/13004484/
,マーサー カフェ ダンロ,,カフェ,カフェ,,1200,8,650,https://tabelog.com/tokyo/A1303/A130302/13117738/
,裏恵比寿　自然生村,定食,定食,定食,,1500,9,750,
,ラ エスキーナ,,メキシコ料理,メキシコ料理,,1000,8,600,
,Nouvelle Ethnique ATHA,,タイ料理,タイ料理,,1500,7,550,
,KNOCK 恵比寿店 ,,イタリアン,イタリアン,,1500,7,600,
,和BISTRO 88WANOBA,,和食,和食,,1000,8,650,
,バーガーマニア 恵比寿店,,バーガー,バーガー,,1500,7,550,
,kintan,,焼肉,焼肉,,2000,0,0,
,ダミケーレ,,ピザ,ピザ,,,5,,
,山本のハンバーグ,,ハンバーグ,ハンバーグ,,,6,,
,ちょろり,,ラーメン,ラーメン,,,6,,
,山半,,うどん,うどん,,,0,,
,Monsoon Cafe,,タイ料理,タイ料理,,,6,,
,シャナイア,,薬膳カレー,薬膳カレー,,,4,,
,とりなご,,鶏料理,鶏料理,,,8,,
,らーめん隊,,ラーメン,ラーメン,,,6,,
,えびすぱん,,ベーカリー,ベーカリー,,,9,,
,板蕎麦　香り家,,蕎麦,蕎麦,,,6,,
,ル・リオン,,ビストロ,ビストロ,,,8,,
,Café Brasserié L'ESPACE,,フレンチ,フレンチ,,,5,,
,ル・コントワール 恵比寿店,,フレンチ,フレンチ,,,7,,
,Beef Garden（ビーフガーデン）恵比寿,,焼肉,焼肉,,,8,,
,MLB cafe TOKYO SELECTSHOP,,アメリカン,アメリカン,,,4,,
,CCB(Crab Club Bar)Seafood Restaurant TOKYO,,シーフード,シーフード,,,4,,
,麺屋 帆のる 恵比寿店,,ラーメン,ラーメン,,,4,,
,"Place""F""",,カフェ,カフェ,,,4,,
,デラコリーナ,,イタリアン,イタリアン,,,7,,
,Green Bowl,,サラダ,サラダ,,,5,,
,AALAAP LENE WAALA（アーラープ レーネー ワーラー）,,カレー,カレー,,,2,,
,BRICK END,,フードコート,フードコート,,,2,,